,Matchplayed,tpoints,mostpoints,notout,traids,successraidspercent,noofsuperraids,super10,traidpoints,avgraidpointspermatch,supertackle,high5s,totaltacklepoints,avgtackperm,totaltackle,totalstrike,name,team,year,successtackles,successtacklepercent,successfulraid,raidrating,tacklerating
764,25.0,101.0,8.0,85.71,7.0,14.28,0.0,0.0,1.0,0.04,8.0,8.0,100.0,3.68,154.0,64.93,niteshk,UP,2018.0,92.0,59.74025974025974,0.9995999999999999,79,1
269,25.0,86.0,8.0,100.0,1.0,0.0,0.0,0.0,0.0,0.0,4.0,5.0,86.0,3.28,138.0,62.31,parvesh,gf,2018.0,82.0,59.42028985507246,0.0,105,2
690,23.0,83.0,7.0,100.0,14.0,0.0,0.0,0.0,0.0,0.0,3.0,6.0,83.0,3.47,130.0,63.84,fazel,mumba,2018.0,80.0,61.53846153846154,0.0,93,3
277,25.0,76.0,8.0,96.66,30.0,0.0,0.0,0.0,0.0,0.0,4.0,3.0,76.0,2.88,140.0,54.28,sunilkumargf,gf,2018.0,72.0,51.42857142857142,0.0,127,4
412,22.0,67.0,6.0,100.0,1.0,0.0,0.0,0.0,0.0,0.0,5.0,4.0,67.0,2.81,128.0,52.34,sandeepdhull,jaipur,2018.0,62.0,48.4375,0.0,107,5
119,24.0,63.0,6.0,80.0,10.0,0.0,0.0,0.0,0.0,0.0,1.0,6.0,63.0,2.58,122.0,51.63,mahenders,bb,2018.0,62.0,50.81967213114754,0.0,104,6
748,22.0,62.0,7.0,100.0,3.0,0.0,0.0,0.0,0.0,0.0,3.0,2.0,62.0,2.68,127.0,48.81,surinder,mumba,2018.0,59.0,46.45669291338583,0.0,100,7
195,22.0,59.0,6.0,0.0,0.0,0.0,0.0,0.0,0.0,0.0,3.0,4.0,59.0,2.54,125.0,47.2,ravinderpahal,dabang,2018.0,56.0,44.800000000000004,0.0,95,8
464,22.0,58.0,5.0,87.5,8.0,0.0,0.0,0.0,0.0,0.0,2.0,4.0,58.0,2.54,134.0,43.28,jaideeppat,patna,2018.0,56.0,41.7910447761194,0.0,114,9
622,19.0,67.0,8.0,79.31,29.0,27.58,0.0,0.0,8.0,0.42,5.0,2.0,59.0,2.84,121.0,48.76,manjeetchhil,tn,2018.0,54.0,44.62809917355372,7.9982,55,10
544,20.0,57.0,6.0,87.5,8.0,12.5,0.0,0.0,1.0,0.05,4.0,4.0,56.0,2.6,113.0,49.55,grishmaru,pune,2018.0,52.0,46.017699115044245,1.0,72,11
488,23.0,57.0,7.0,96.29,54.0,5.55,0.0,0.0,3.0,0.13,2.0,4.0,54.0,2.26,129.0,41.86,surjeetpune,pune,2018.0,52.0,40.310077519379846,2.997,66,12
678,17.0,60.0,9.0,100.0,40.0,0.0,0.0,0.0,0.0,0.0,9.0,5.0,60.0,3.0,95.0,63.15,bharad,telugu,2018.0,51.0,53.68421052631579,0.0,88,13
648,21.0,56.0,6.0,100.0,26.0,0.0,0.0,0.0,0.0,0.0,8.0,4.0,56.0,2.28,98.0,57.14,aboz,telugu,2018.0,48.0,48.97959183673469,0.0,99,14
159,22.0,51.0,5.0,0.0,0.0,0.0,0.0,0.0,0.0,0.0,4.0,1.0,51.0,2.13,111.0,45.94,joginder,dabang,2018.0,47.0,42.34234234234234,0.0,90,15
360,22.0,49.0,6.0,100.0,2.0,0.0,0.0,0.0,0.0,0.0,4.0,2.0,49.0,2.04,105.0,46.66,kuldeepsin,hs,2018.0,45.0,42.857142857142854,0.0,108,16
402,18.0,51.0,8.0,0.0,2.0,100.0,0.0,0.0,2.0,0.11,4.0,4.0,49.0,2.5,85.0,57.64,amitjaipur,jaipur,2018.0,45.0,52.94117647058824,2.0,67,17
275,23.0,47.0,5.0,100.0,3.0,0.0,0.0,0.0,0.0,0.0,3.0,1.0,47.0,1.91,121.0,38.84,ruturaj,gf,2018.0,44.0,36.36363636363637,0.0,130,18
634,22.0,71.0,7.0,83.33,72.0,40.27,1.0,0.0,29.0,1.31,1.0,0.0,42.0,1.86,88.0,47.72,ransingh,tn,2018.0,41.0,46.590909090909086,28.9944,40,19
354,22.0,41.0,5.0,100.0,3.0,0.0,0.0,0.0,0.0,0.0,0.0,2.0,41.0,1.86,122.0,33.6,sunilhs,hs,2018.0,41.0,33.60655737704918,0.0,111,20
291,22.0,40.0,6.0,95.45,22.0,0.0,0.0,0.0,0.0,0.0,3.0,1.0,40.0,1.68,69.0,57.97,dharmarajc,hs,2018.0,37.0,53.62318840579711,0.0,119,21
137,24.0,45.0,7.0,92.59,27.0,18.51,0.0,0.0,5.0,0.2,3.0,1.0,40.0,1.54,87.0,45.97,ashishkumar,bb,2018.0,37.0,42.5287356321839,4.9977,60,22
46,19.0,40.0,5.0,100.0,1.0,0.0,0.0,0.0,0.0,0.0,4.0,1.0,40.0,1.89,90.0,44.44,jeevak,bw,2018.0,36.0,40.0,0.0,84,23
183,22.0,38.0,6.0,0.0,0.0,0.0,0.0,0.0,0.0,0.0,2.0,3.0,38.0,1.63,95.0,40.0,vishalmane,dabang,2018.0,36.0,37.89473684210527,0.0,96,24
131,15.0,38.0,5.0,0.0,0.0,0.0,0.0,0.0,0.0,0.0,2.0,2.0,38.0,2.4,71.0,53.52,amitsheoran,bb,2018.0,36.0,50.70422535211267,0.0,94,25
344,22.0,39.0,5.0,100.0,4.0,0.0,0.0,0.0,0.0,0.0,3.0,1.0,39.0,1.63,118.0,33.05,vikaskale,hs,2018.0,36.0,30.508474576271187,0.0,112,26
752,18.0,66.0,7.0,87.2,86.0,29.06,1.0,0.0,25.0,1.38,7.0,1.0,41.0,1.88,81.0,50.61,sandeepmumba,mumba,2018.0,34.0,41.9753086419753,24.9916,42,27
334,22.0,40.0,6.0,100.0,2.0,0.0,0.0,0.0,0.0,0.0,7.0,2.0,40.0,1.5,96.0,41.66,ravihas,hs,2018.0,33.0,34.375,0.0,115,28
418,16.0,38.0,8.0,86.66,15.0,33.33,0.0,0.0,5.0,0.31,3.0,4.0,33.0,1.87,81.0,40.74,sunilsid,jaipur,2018.0,30.0,37.03703703703704,4.9995,59,29
610,14.0,31.0,4.0,75.0,4.0,0.0,0.0,0.0,0.0,0.0,3.0,0.0,31.0,2.0,69.0,44.92,mohitchi,tn,2018.0,28.0,40.57971014492754,0.0,129,30
207,18.0,30.0,4.0,77.77,9.0,11.11,0.0,0.0,1.0,0.05,4.0,0.0,29.0,1.38,60.0,48.33,anilkumardd,dabang,2018.0,25.0,41.66666666666667,0.9998999999999999,75,31
287,17.0,51.0,7.0,83.82,68.0,32.35,0.0,0.0,22.0,1.29,4.0,2.0,29.0,1.47,43.0,67.44,vinodkgf,gf,2018.0,25.0,58.139534883720934,21.998,44,32
810,19.0,56.0,7.0,77.67,112.0,25.89,0.0,0.0,29.0,1.52,2.0,0.0,27.0,1.31,52.0,51.92,mohsenm,UP,2018.0,25.0,48.07692307692308,28.996800000000004,39,33
44,18.0,28.0,5.0,0.0,1.0,100.0,0.0,0.0,1.0,0.05,3.0,1.0,27.0,1.33,70.0,38.57,Baldev,bw,2018.0,24.0,34.285714285714285,1.0,73,34
686,22.0,47.0,5.0,81.66,60.0,36.66,0.0,0.0,22.0,1.0,4.0,1.0,25.0,0.95,69.0,36.23,farad,telugu,2018.0,21.0,30.434782608695656,21.996,45,35
356,19.0,28.0,6.0,85.71,7.0,42.85,0.0,0.0,3.0,0.15,5.0,1.0,25.0,1.05,60.0,41.66,parveenhs,hs,2018.0,20.0,33.33333333333333,2.9995,65,36
105,16.0,20.0,3.0,0.0,0.0,0.0,0.0,0.0,0.0,0.0,0.0,0.0,20.0,1.25,55.0,36.36,rajulal,bb,2018.0,20.0,36.36363636363637,0.0,117,37
72,18.0,23.0,3.0,77.77,36.0,11.11,0.0,0.0,4.0,0.22,0.0,0.0,19.0,1.05,65.0,29.23,Mayur,bw,2018.0,19.0,29.230769230769234,3.9995999999999996,61,38
68,15.0,21.0,5.0,71.42,7.0,14.28,0.0,0.0,1.0,0.06,1.0,0.0,20.0,1.26,51.0,39.21,rinku,bw,2018.0,19.0,37.254901960784316,0.9995999999999999,77,39
556,20.0,18.0,5.0,88.88,9.0,0.0,0.0,0.0,0.0,0.0,1.0,1.0,18.0,0.85,45.0,40.0,sagerpune,pune,2018.0,17.0,37.77777777777778,0.0,124,40
468,15.0,23.0,5.0,60.0,5.0,60.0,0.0,0.0,3.0,0.2,3.0,2.0,20.0,1.13,59.0,33.89,jawaharpat,patna,2018.0,17.0,28.8135593220339,3.0,63,41
608,12.0,17.0,7.0,0.0,0.0,0.0,0.0,0.0,0.0,0.0,1.0,1.0,17.0,1.33,51.0,33.33,ponparthiban,tn,2018.0,16.0,31.372549019607842,0.0,103,42
484,14.0,37.0,9.0,78.57,42.0,50.0,1.0,0.0,21.0,1.5,0.0,0.0,16.0,1.14,37.0,43.24,jaglanpat,patna,2018.0,16.0,43.24324324324324,21.0,47,43
504,22.0,102.0,10.0,72.48,189.0,46.03,3.0,2.0,87.0,3.95,1.0,0.0,15.0,0.63,38.0,39.47,manjeetpune,pune,2018.0,14.0,36.84210526315789,86.9967,22,44
123,10.0,16.0,4.0,50.0,2.0,0.0,0.0,0.0,0.0,0.0,3.0,0.0,16.0,1.3,34.0,47.05,sandeep,bb,2018.0,13.0,38.23529411764706,0.0,89,45
714,19.0,108.0,11.0,83.51,188.0,50.0,1.0,0.0,94.0,4.94,1.0,0.0,14.0,0.68,32.0,43.75,baliyan,mumba,2018.0,13.0,40.625,94.0,19,46
304,21.0,102.0,17.0,77.2,193.0,45.59,4.0,1.0,88.0,4.19,2.0,0.0,14.0,0.57,43.0,32.55,naveenhs,hs,2018.0,12.0,27.906976744186046,87.98870000000001,21,47
426,14.0,14.0,3.0,100.0,1.0,0.0,0.0,0.0,0.0,0.0,2.0,0.0,14.0,0.85,46.0,30.43,santhapanaselvam,jaipur,2018.0,12.0,26.08695652173913,0.0,110,48
231,21.0,73.0,8.0,81.08,111.0,54.05,0.0,0.0,60.0,2.85,1.0,0.0,13.0,0.57,44.0,29.54,vijaydd,dabang,2018.0,12.0,27.27272727272727,59.99549999999999,29,49
265,23.0,204.0,12.0,78.14,366.0,51.91,1.0,7.0,190.0,8.26,2.0,0.0,14.0,0.52,22.0,63.63,sachintan,gf,2018.0,12.0,54.54545454545454,189.99059999999997,7,50
474,13.0,18.0,5.0,81.81,11.0,54.54,0.0,0.0,6.0,0.46,0.0,0.0,12.0,0.92,29.0,41.37,oshtorakpat,patna,2018.0,12.0,41.37931034482759,5.9994,58,51
674,6.0,12.0,4.0,100.0,3.0,33.33,0.0,0.0,1.0,0.16,0.0,0.0,11.0,1.83,25.0,44.0,krush,telugu,2018.0,11.0,44.0,0.9998999999999999,74,52
744,13.0,15.0,5.0,0.0,0.0,0.0,0.0,0.0,0.0,0.0,4.0,1.0,15.0,0.84,34.0,44.11,chang,mumba,2018.0,11.0,32.35294117647059,0.0,101,53
85,24.0,282.0,22.0,77.33,375.0,72.26,12.0,13.0,271.0,11.29,0.0,0.0,11.0,0.45,40.0,27.5,pawans,bb,2018.0,11.0,27.500000000000004,270.975,1,54
368,22.0,208.0,20.0,80.32,366.0,53.55,4.0,10.0,196.0,8.9,1.0,1.0,12.0,0.5,38.0,31.57,deepakhooda,jaipur,2018.0,11.0,28.947368421052634,195.993,6,55
261,22.0,91.0,13.0,71.51,172.0,45.93,1.0,2.0,79.0,3.59,2.0,0.0,12.0,0.45,21.0,57.14,moregb,gf,2018.0,10.0,47.61904761904761,78.9996,24,56
736,8.0,10.0,2.0,0.0,0.0,0.0,0.0,0.0,0.0,0.0,0.0,0.0,10.0,1.25,21.0,47.61,rajaguru,mumba,2018.0,10.0,47.61904761904761,0.0,80,57
456,14.0,57.0,7.0,70.16,124.0,36.29,1.0,0.0,45.0,3.21,2.0,0.0,12.0,0.71,23.0,52.17,monupat,patna,2018.0,10.0,43.47826086956522,44.9996,35,58
62,10.0,14.0,4.0,100.0,1.0,200.0,0.0,0.0,2.0,0.2,3.0,0.0,12.0,0.9,23.0,52.17,adarsh,bw,2018.0,9.0,39.130434782608695,2.0,68,59
75,24.0,171.0,16.0,81.23,341.0,47.5,5.0,5.0,162.0,6.75,0.0,1.0,9.0,0.37,30.0,30.0,rohitkumar,bb,2018.0,9.0,30.0,161.975,10,60
542,10.0,12.0,3.0,81.81,11.0,0.0,0.0,0.0,0.0,0.0,3.0,0.0,12.0,0.9,38.0,31.57,shubham,pune,2018.0,9.0,23.684210526315788,0.0,123,61
664,16.0,8.0,2.0,100.0,3.0,0.0,0.0,0.0,0.0,0.0,0.0,0.0,8.0,0.5,36.0,22.22,carun,telugu,2018.0,8.0,22.22222222222222,0.0,86,62
430,6.0,10.0,3.0,100.0,6.0,16.66,0.0,0.0,1.0,0.16,2.0,0.0,9.0,1.16,26.0,34.61,vishaljai,jaipur,2018.0,7.0,26.923076923076923,0.9996,76,63
58,7.0,6.0,2.0,0.0,0.0,0.0,0.0,0.0,0.0,0.0,0.0,0.0,6.0,0.85,29.0,20.68,viraj,bw,2018.0,6.0,20.689655172413794,0.0,126,64
576,21.0,166.0,18.0,75.14,350.0,45.42,4.0,4.0,159.0,7.57,1.0,0.0,7.0,0.28,19.0,36.84,rahulchau,tn,2018.0,6.0,31.57894736842105,158.97,12,65
700,15.0,53.0,13.0,82.05,117.0,40.17,1.0,2.0,47.0,3.13,0.0,0.0,6.0,0.4,19.0,31.57,abhihmumb,mumba,2018.0,6.0,31.57894736842105,46.998900000000006,33,66
328,22.0,177.0,15.0,77.23,347.0,49.56,5.0,6.0,172.0,7.81,0.0,0.0,5.0,0.22,18.0,27.77,vikashk,hs,2018.0,5.0,27.77777777777778,171.9732,9,67
422,9.0,31.0,11.0,78.94,57.0,43.85,1.0,0.0,25.0,2.77,1.0,0.0,6.0,0.55,11.0,54.54,nitinraw,jaipur,2018.0,5.0,45.45454545454545,24.994500000000002,41,68
808,14.0,6.0,2.0,0.0,0.0,0.0,0.0,0.0,0.0,0.0,1.0,0.0,6.0,0.35,31.0,19.35,amitsin,UP,2018.0,5.0,16.129032258064516,0.0,82,69
26,12.0,42.0,8.0,78.02,91.0,40.65,2.0,0.0,37.0,3.08,0.0,0.0,5.0,0.41,18.0,27.77,ravindrak,bw,2018.0,5.0,27.77777777777778,36.9915,37,70
382,17.0,74.0,13.0,75.0,140.0,50.0,1.0,3.0,70.0,4.11,0.0,0.0,4.0,0.23,9.0,44.44,deepaknar,jaipur,2018.0,4.0,44.44444444444444,70.0,27,71
129,7.0,4.0,2.0,0.0,0.0,0.0,0.0,0.0,0.0,0.0,0.0,0.0,4.0,0.57,14.0,28.57,ajaybb,bb,2018.0,4.0,28.57142857142857,0.0,98,72
788,25.0,146.0,17.0,70.48,332.0,42.46,4.0,5.0,141.0,5.64,1.0,0.0,5.0,0.16,11.0,45.45,shrinkant,UP,2018.0,4.0,36.36363636363637,140.96720000000002,15,73
394,19.0,85.0,9.0,73.63,201.0,40.29,4.0,0.0,81.0,4.26,0.0,0.0,4.0,0.21,21.0,19.04,nilesh,jaipur,2018.0,4.0,19.047619047619047,80.9829,23,74
776,23.0,104.0,10.0,79.77,262.0,38.16,3.0,1.0,100.0,4.34,0.0,0.0,4.0,0.17,19.0,21.05,rishank,UP,2018.0,4.0,21.052631578947366,99.97919999999998,18,75
171,24.0,158.0,11.0,76.89,316.0,48.41,3.0,3.0,153.0,6.37,1.0,0.0,5.0,0.16,15.0,33.33,chandranranjit,dabang,2018.0,4.0,26.666666666666668,152.9756,13,76
770,20.0,164.0,17.0,74.41,301.0,53.15,3.0,10.0,160.0,8.0,0.0,0.0,4.0,0.2,27.0,14.81,monug,UP,2018.0,4.0,14.814814814814813,159.98149999999998,11,77
179,22.0,177.0,15.0,79.47,307.0,56.02,3.0,8.0,172.0,7.81,1.0,0.0,5.0,0.18,12.0,41.66,naveenkumardd,dabang,2018.0,4.0,33.33333333333333,171.9814,8,78
93,8.0,15.0,4.0,77.77,27.0,40.74,0.0,0.0,11.0,1.37,0.0,0.0,4.0,0.5,10.0,40.0,sumits,bb,2018.0,4.0,40.0,10.9998,50,79
221,19.0,97.0,15.0,77.46,213.0,44.13,6.0,2.0,94.0,4.94,0.0,0.0,3.0,0.15,16.0,18.75,merajdd,dabang,2018.0,3.0,18.75,93.99690000000001,20,80
380,17.0,75.0,9.0,73.61,163.0,43.55,1.0,0.0,71.0,4.17,1.0,0.0,4.0,0.17,13.0,30.76,ajinka,jaipur,2018.0,3.0,23.076923076923077,70.98649999999999,26,81
658,21.0,221.0,19.0,77.57,321.0,67.91,10.0,12.0,218.0,10.38,0.0,0.0,3.0,0.14,9.0,33.33,siddharth,telugu,2018.0,3.0,33.33333333333333,217.99110000000002,3,82
235,19.0,61.0,9.0,77.63,152.0,38.15,2.0,0.0,58.0,3.05,0.0,0.0,3.0,0.15,19.0,15.78,rogitgulia,gf,2018.0,3.0,15.789473684210526,57.988,30,83
135,6.0,3.0,1.0,100.0,2.0,0.0,0.0,0.0,0.0,0.0,0.0,0.0,3.0,0.5,11.0,27.27,ankit,bb,2018.0,3.0,27.27272727272727,0.0,131,84
259,3.0,7.0,5.0,42.85,7.0,42.85,0.0,0.0,3.0,1.0,1.0,0.0,4.0,1.0,4.0,100.0,lalitchau,gf,2018.0,3.0,75.0,2.9995,64,85
652,2.0,4.0,3.0,85.71,7.0,14.28,0.0,0.0,1.0,0.5,0.0,0.0,3.0,1.5,8.0,37.5,amittel,telugu,2018.0,3.0,37.5,0.9995999999999999,78,86
318,15.0,41.0,11.0,76.82,82.0,46.34,3.0,1.0,38.0,2.53,0.0,0.0,3.0,0.2,9.0,33.33,selvamani,hs,2018.0,3.0,33.33333333333333,37.9988,36,87
768,9.0,23.0,8.0,68.75,48.0,43.75,1.0,0.0,21.0,2.33,0.0,0.0,2.0,0.22,5.0,40.0,azad,UP,2018.0,2.0,40.0,21.0,46,88
306,21.0,147.0,13.0,81.99,261.0,55.17,2.0,5.0,144.0,6.85,1.0,0.0,3.0,0.09,9.0,33.33,prashanth,hs,2018.0,2.0,22.22222222222222,143.99370000000002,14,89
506,11.0,102.0,20.0,83.24,191.0,52.35,1.0,4.0,100.0,9.09,0.0,0.0,2.0,0.18,9.0,22.22,nitintom,pune,2018.0,2.0,22.22222222222222,99.9885,17,90
392,6.0,4.0,2.0,54.54,11.0,18.18,0.0,0.0,2.0,0.33,0.0,0.0,2.0,0.33,3.0,66.66,lokesh,jaipur,2018.0,2.0,66.66666666666666,1.9997999999999998,70,91
32,17.0,71.0,9.0,82.38,176.0,38.63,3.0,0.0,68.0,4.0,1.0,0.0,3.0,0.11,19.0,15.78,sukeshh,bw,2018.0,2.0,10.526315789473683,67.9888,28,92
239,10.0,25.0,5.0,75.32,77.0,29.87,2.0,0.0,23.0,2.3,0.0,0.0,2.0,0.2,7.0,28.57,abolfazl,gf,2018.0,2.0,28.57142857142857,22.999900000000004,43,93
444,18.0,82.0,12.0,77.77,171.0,46.19,2.0,2.0,79.0,4.38,1.0,0.0,3.0,0.11,11.0,27.27,jangpat,patna,2018.0,2.0,18.181818181818183,78.9849,25,94
654,8.0,15.0,6.0,77.14,35.0,37.14,0.0,0.0,13.0,1.62,1.0,0.0,2.0,0.12,6.0,33.33,kamal,telugu,2018.0,1.0,16.666666666666664,12.999,49,95
684,4.0,15.0,13.0,65.21,23.0,56.52,1.0,1.0,13.0,3.25,1.0,0.0,2.0,0.25,1.0,200.0,armaan,telugu,2018.0,1.0,100.0,12.999600000000001,48,96
358,1.0,1.0,1.0,0.0,0.0,0.0,0.0,0.0,0.0,0.0,0.0,0.0,1.0,1.0,6.0,16.66,vikramkan,hs,2018.0,1.0,16.666666666666664,0.0,109,97
0,22.0,123.0,12.0,78.03,255.0,47.84,1.0,4.0,122.0,5.54,0.0,0.0,1.0,0.04,11.0,9.09,prapanjan,bw,2018.0,1.0,9.090909090909092,121.992,16,98
18,6.0,10.0,3.0,58.82,17.0,52.94,1.0,0.0,9.0,1.5,0.0,0.0,1.0,0.16,3.0,33.33,rakeshn,bw,2018.0,1.0,33.33333333333333,8.9998,51,99
115,4.0,3.0,2.0,100.0,2.0,100.0,0.0,0.0,2.0,0.5,0.0,0.0,1.0,0.25,11.0,9.09,vijaykumar,bb,2018.0,1.0,9.090909090909092,2.0,69,100
283,1.0,1.0,1.0,0.0,0.0,0.0,0.0,0.0,0.0,0.0,0.0,0.0,1.0,1.0,3.0,33.33,pankajgf,gf,2018.0,1.0,33.33333333333333,0.0,125,101
215,4.0,1.0,1.0,0.0,0.0,0.0,0.0,0.0,0.0,0.0,0.0,0.0,1.0,0.25,8.0,12.5,sombirdd,dabang,2018.0,1.0,12.5,0.0,81,102
562,22.0,204.0,20.0,79.38,388.0,52.31,3.0,7.0,203.0,9.22,0.0,0.0,1.0,0.04,11.0,9.09,ajaytak,tn,2018.0,1.0,9.090909090909092,202.96280000000002,5,103
704,19.0,56.0,8.0,60.0,105.0,52.38,0.0,0.0,55.0,2.89,0.0,0.0,1.0,0.05,16.0,6.25,athul,mumba,2018.0,1.0,6.25,54.999,31,104
498,14.0,50.0,10.0,79.43,141.0,34.75,1.0,1.0,49.0,3.5,0.0,0.0,1.0,0.07,3.0,33.33,darshan,pune,2018.0,1.0,33.33333333333333,48.9975,32,105
534,5.0,0.0,0.0,0.0,0.0,0.0,0.0,0.0,0.0,0.0,0.0,0.0,0.0,0.0,6.0,0.0,haditak,pune,2018.0,0.0,0.0,0.0,122,106
574,3.0,8.0,8.0,76.47,17.0,47.05,0.0,0.0,8.0,2.66,0.0,0.0,0.0,0.0,0.0,0.0,anandp,tn,2018.0,0.0,0.0,7.998499999999999,53,107
530,0.0,0.0,0.0,0.0,0.0,0.0,0.0,0.0,0.0,0.0,0.0,0.0,0.0,0.0,0.0,0.0,depakya,pune,2018.0,0.0,0.0,0.0,121,108
600,0.0,0.0,0.0,0.0,0.0,0.0,0.0,0.0,0.0,0.0,0.0,0.0,0.0,0.0,0.0,0.0,vineetsh,tn,2018.0,0.0,0.0,0.0,128,109
526,3.0,0.0,0.0,0.0,4.0,0.0,0.0,0.0,0.0,0.0,0.0,0.0,0.0,0.0,0.0,0.0,sriram,pune,2018.0,0.0,0.0,0.0,120,110
10,22.0,206.0,17.0,79.52,376.0,54.78,6.0,9.0,206.0,9.36,0.0,0.0,0.0,0.0,5.0,0.0,maninder,bw,2018.0,0.0,0.0,205.97279999999998,4,111
702,3.0,4.0,4.0,72.72,11.0,36.36,0.0,0.0,4.0,1.33,0.0,0.0,0.0,0.0,0.0,0.0,arjundes,mumba,2018.0,0.0,0.0,3.9995999999999996,62,112
64,0.0,0.0,0.0,0.0,0.0,0.0,0.0,0.0,0.0,0.0,0.0,0.0,0.0,0.0,0.0,0.0,dharmendra,bw,2018.0,0.0,0.0,0.0,118,113
646,3.0,6.0,5.0,57.14,7.0,85.71,0.0,0.0,6.0,2.0,0.0,0.0,0.0,0.0,0.0,0.0,victor,tn,2018.0,0.0,0.0,5.999699999999999,57,114
656,4.0,9.0,5.0,69.23,26.0,34.61,0.0,0.0,9.0,2.25,0.0,0.0,0.0,0.0,3.0,0.0,ranish,telugu,2018.0,0.0,0.0,8.9986,52,115
798,1.0,0.0,0.0,0.0,1.0,0.0,0.0,0.0,0.0,0.0,0.0,0.0,0.0,0.0,1.0,0.0,surendersin,UP,2018.0,0.0,0.0,0.0,85,116
99,0.0,0.0,0.0,0.0,0.0,0.0,0.0,0.0,0.0,0.0,0.0,0.0,0.0,0.0,0.0,0.0,vinodk,bb,2018.0,0.0,0.0,0.0,116,117
460,0.0,0.0,0.0,0.0,0.0,0.0,0.0,0.0,0.0,0.0,0.0,0.0,0.0,0.0,0.0,0.0,purnapat,patna,2018.0,0.0,0.0,0.0,113,118
434,21.0,233.0,27.0,76.21,391.0,59.59,6.0,15.0,233.0,11.09,0.0,0.0,0.0,0.0,1.0,0.0,pardeepnar,patna,2018.0,0.0,0.0,232.9969,2,119
514,13.0,45.0,9.0,80.0,90.0,50.0,1.0,0.0,45.0,3.46,0.0,0.0,0.0,0.0,5.0,0.0,pawankumar,pune,2018.0,0.0,0.0,45.0,34,120
83,0.0,0.0,0.0,0.0,0.0,0.0,0.0,0.0,0.0,0.0,0.0,0.0,0.0,0.0,0.0,0.0,lalmohar,bb,2018.0,0.0,0.0,0.0,106,121
302,2.0,1.0,1.0,40.0,5.0,20.0,0.0,0.0,1.0,0.5,0.0,0.0,0.0,0.0,1.0,0.0,arunkumar,hs,2018.0,0.0,0.0,1.0,71,122
364,0.0,0.0,0.0,0.0,0.0,0.0,0.0,0.0,0.0,0.0,0.0,0.0,0.0,0.0,0.0,0.0,tinphon,hs,2018.0,0.0,0.0,0.0,102,123
710,11.0,31.0,10.0,76.92,65.0,47.69,1.0,1.0,31.0,2.81,0.0,0.0,0.0,0.0,1.0,0.0,dongge,mumba,2018.0,0.0,0.0,30.9985,38,124
181,1.0,0.0,0.0,100.0,1.0,0.0,0.0,0.0,0.0,0.0,0.0,0.0,0.0,0.0,1.0,0.0,sumitkumardd,dabang,2018.0,0.0,0.0,0.0,97,125
588,6.0,7.0,5.0,65.38,26.0,26.92,0.0,0.0,7.0,1.16,0.0,0.0,0.0,0.0,7.0,0.0,shabba,tn,2018.0,0.0,0.0,6.999200000000001,56,126
724,0.0,0.0,0.0,0.0,0.0,0.0,0.0,0.0,0.0,0.0,0.0,0.0,0.0,0.0,0.0,0.0,vinodk,mumba,2018.0,0.0,0.0,0.0,92,127
169,1.0,0.0,0.0,33.33,3.0,0.0,0.0,0.0,0.0,0.0,0.0,0.0,0.0,0.0,0.0,0.0,amankadian,dabang,2018.0,0.0,0.0,0.0,91,128
247,0.0,0.0,0.0,0.0,0.0,0.0,0.0,0.0,0.0,0.0,0.0,0.0,0.0,0.0,0.0,0.0,gurvinder,gf,2018.0,0.0,0.0,0.0,83,129
147,0.0,0.0,0.0,0.0,0.0,0.0,0.0,0.0,0.0,0.0,0.0,0.0,0.0,0.0,0.0,0.0,sanjaysh,bb,2018.0,0.0,0.0,0.0,87,130
496,6.0,8.0,5.0,75.86,29.0,27.58,1.0,0.0,8.0,1.33,0.0,0.0,0.0,0.0,3.0,0.0,amitpune,pune,2018.0,0.0,0.0,7.9982,54,131
490,24.0,79.0,8.0,98.07,52.0,5.76,0.0,0.0,3.0,0.12,4.0,9.0,76.0,3.0,146.0,52.05,surjeetpune,pune,2017.0,72.0,49.31506849315068,2.9951999999999996,54,1
680,22.0,71.0,7.0,80.0,5.0,0.0,0.0,0.0,0.0,0.0,3.0,5.0,71.0,3.09,137.0,51.82,bharad,telugu,2017.0,68.0,49.63503649635037,0.0,73,2
466,26.0,71.0,7.0,100.0,5.0,0.0,0.0,0.0,0.0,0.0,5.0,5.0,71.0,2.53,154.0,46.1,jaideeppat,patna,2017.0,66.0,42.857142857142854,0.0,93,3
650,24.0,66.0,5.0,83.33,6.0,16.66,0.0,0.0,1.0,0.04,2.0,2.0,65.0,2.62,116.0,56.03,aboz,telugu,2017.0,63.0,54.310344827586206,0.9996,64,4
546,21.0,69.0,8.0,88.88,18.0,27.77,1.0,0.0,5.0,0.23,3.0,5.0,64.0,2.9,111.0,57.65,grishmaru,pune,2017.0,61.0,54.95495495495496,4.9986,50,5
750,22.0,58.0,6.0,100.0,3.0,0.0,0.0,0.0,0.0,0.0,0.0,3.0,58.0,2.63,152.0,38.15,surinder,mumba,2017.0,58.0,38.15789473684211,0.0,70,6
404,22.0,61.0,6.0,85.71,7.0,0.0,0.0,0.0,0.0,0.0,6.0,2.0,61.0,2.5,117.0,52.13,amitjaipur,jaipur,2017.0,55.0,47.008547008547005,0.0,96,7
279,24.0,58.0,7.0,96.77,31.0,3.22,0.0,0.0,1.0,0.04,2.0,3.0,57.0,2.29,101.0,56.43,sunilkumargf,gf,2017.0,55.0,54.45544554455446,0.9982000000000001,65,8
692,24.0,57.0,9.0,81.81,11.0,0.0,0.0,0.0,0.0,0.0,3.0,4.0,57.0,2.25,99.0,57.57,fazel,mumba,2017.0,54.0,54.54545454545454,0.0,68,9
121,22.0,58.0,10.0,100.0,2.0,50.0,0.0,0.0,1.0,0.04,5.0,3.0,57.0,2.36,113.0,50.44,mahenders,bb,2017.0,52.0,46.017699115044245,1.0,58,10
754,21.0,85.0,9.0,93.16,117.0,28.2,1.0,0.0,33.0,1.57,3.0,1.0,52.0,2.33,102.0,50.98,sandeepmumba,mumba,2017.0,49.0,48.03921568627451,32.994,32,11
197,19.0,54.0,7.0,83.33,6.0,33.33,0.0,0.0,2.0,0.1,3.0,3.0,52.0,2.57,104.0,50.0,ravinderpahal,dabang,2017.0,49.0,47.11538461538461,1.9997999999999998,57,12
636,23.0,64.0,7.0,81.48,27.0,44.44,0.0,0.0,12.0,0.52,3.0,2.0,52.0,2.13,112.0,46.42,ransingh,tn,2017.0,49.0,43.75,11.9988,42,13
766,19.0,47.0,5.0,100.0,2.0,0.0,0.0,0.0,0.0,0.0,1.0,4.0,47.0,2.42,91.0,51.64,niteshk,UP,2017.0,46.0,50.54945054945055,0.0,69,14
624,15.0,52.0,9.0,68.96,29.0,17.24,0.0,0.0,5.0,0.33,1.0,3.0,47.0,3.06,85.0,55.29,manjeetchhil,tn,2017.0,46.0,54.11764705882353,4.9996,49,15
271,24.0,48.0,5.0,0.0,0.0,0.0,0.0,0.0,0.0,0.0,4.0,2.0,48.0,1.83,89.0,53.93,parvesh,gf,2017.0,44.0,49.43820224719101,0.0,80,16
48,22.0,44.0,5.0,100.0,2.0,0.0,0.0,0.0,0.0,0.0,7.0,1.0,44.0,1.68,104.0,42.3,jeevak,bw,2017.0,37.0,35.57692307692308,0.0,67,17
185,26.0,39.0,6.0,100.0,1.0,0.0,0.0,0.0,0.0,0.0,3.0,1.0,39.0,1.38,113.0,34.51,vishalmane,dabang,2017.0,36.0,31.858407079646017,0.0,79,18
612,20.0,42.0,7.0,88.88,9.0,33.33,0.0,0.0,3.0,0.15,4.0,2.0,39.0,1.75,83.0,46.98,mohitchi,tn,2017.0,35.0,42.168674698795186,2.9997,53,19
233,19.0,64.0,7.0,89.15,83.0,32.53,1.0,0.0,27.0,1.42,3.0,1.0,37.0,1.78,83.0,44.57,vijaydd,dabang,2017.0,34.0,40.963855421686745,26.999900000000004,35,20
217,17.0,39.0,10.0,0.0,0.0,0.0,0.0,0.0,0.0,0.0,6.0,2.0,39.0,1.94,84.0,46.42,sombirdd,dabang,2017.0,33.0,39.285714285714285,0.0,76,21
666,20.0,36.0,8.0,93.75,16.0,6.25,0.0,0.0,1.0,0.05,5.0,1.0,35.0,1.5,83.0,42.16,carun,telugu,2017.0,30.0,36.144578313253014,1.0,59,22
558,17.0,33.0,6.0,90.0,10.0,10.0,0.0,0.0,1.0,0.05,3.0,3.0,32.0,1.7,62.0,51.61,sagerpune,pune,2017.0,29.0,46.774193548387096,1.0,62,23
458,19.0,49.0,6.0,79.22,77.0,24.67,1.0,0.0,19.0,1.0,1.0,1.0,30.0,1.52,54.0,55.55,monupat,patna,2017.0,29.0,53.70370370370371,18.995900000000002,36,24
336,23.0,30.0,4.0,100.0,2.0,0.0,0.0,0.0,0.0,0.0,2.0,0.0,30.0,1.21,68.0,44.11,ravihas,hs,2017.0,28.0,41.17647058823529,0.0,85,25
470,18.0,35.0,4.0,78.26,23.0,26.08,0.0,0.0,6.0,0.33,3.0,0.0,29.0,1.44,69.0,42.02,jawaharpat,patna,2017.0,26.0,37.68115942028986,5.998399999999999,47,26
293,18.0,25.0,4.0,100.0,15.0,0.0,0.0,0.0,0.0,0.0,1.0,0.0,25.0,1.33,64.0,39.06,dharmarajc,hs,2017.0,24.0,37.5,0.0,82,27
688,18.0,28.0,4.0,61.11,18.0,33.33,0.0,0.0,6.0,0.33,0.0,0.0,22.0,1.22,54.0,40.74,farad,telugu,2017.0,22.0,40.74074074074074,5.9994,45,28
424,21.0,85.0,14.0,81.08,148.0,43.91,4.0,2.0,65.0,3.09,1.0,0.0,20.0,0.9,52.0,38.46,nitinraw,jaipur,2017.0,19.0,36.53846153846153,64.98679999999999,23,29
70,13.0,22.0,7.0,100.0,8.0,12.5,0.0,0.0,1.0,0.07,4.0,1.0,21.0,1.3,34.0,61.76,rinku,bw,2017.0,17.0,50.0,1.0,60,30
476,16.0,20.0,4.0,0.0,0.0,0.0,0.0,0.0,0.0,0.0,3.0,0.0,20.0,1.06,55.0,36.36,oshtorakpat,patna,2017.0,17.0,30.909090909090907,0.0,94,31
285,13.0,16.0,3.0,50.0,6.0,0.0,0.0,0.0,0.0,0.0,0.0,0.0,16.0,1.23,49.0,32.65,pankajgf,gf,2017.0,16.0,32.6530612244898,0.0,81,32
60,19.0,16.0,2.0,0.0,0.0,0.0,0.0,0.0,0.0,0.0,0.0,0.0,16.0,0.84,52.0,30.76,viraj,bw,2017.0,16.0,30.76923076923077,0.0,66,33
420,12.0,16.0,6.0,100.0,2.0,0.0,0.0,0.0,0.0,0.0,1.0,1.0,16.0,1.25,44.0,36.36,sunilsid,jaipur,2017.0,15.0,34.090909090909086,0.0,89,34
428,10.0,15.0,3.0,0.0,0.0,0.0,0.0,0.0,0.0,0.0,0.0,0.0,15.0,1.5,31.0,48.38,santhapanaselvam,jaipur,2017.0,15.0,48.38709677419355,0.0,90,35
139,20.0,32.0,6.0,75.71,70.0,24.28,0.0,0.0,17.0,0.85,1.0,1.0,15.0,0.7,49.0,30.61,ashishkumar,bb,2017.0,14.0,28.57142857142857,16.996000000000002,39,36
602,18.0,30.0,4.0,86.53,104.0,15.38,0.0,0.0,16.0,0.88,1.0,0.0,14.0,0.72,41.0,34.14,vineetsh,tn,2017.0,13.0,31.70731707317073,15.9952,40,37
267,24.0,173.0,14.0,75.93,295.0,53.89,2.0,7.0,159.0,6.62,1.0,0.0,14.0,0.54,25.0,56.0,sachintan,gf,2017.0,13.0,52.0,158.97549999999998,10,38
370,24.0,186.0,17.0,78.88,360.0,47.77,8.0,7.0,172.0,7.16,1.0,0.0,14.0,0.54,34.0,41.17,deepakhooda,jaipur,2017.0,13.0,38.23529411764706,171.972,7,39
462,17.0,13.0,4.0,0.0,1.0,0.0,0.0,0.0,0.0,0.0,1.0,0.0,13.0,0.7,49.0,26.53,neerajpat,patna,2017.0,12.0,24.489795918367346,0.0,92,40
77,22.0,231.0,32.0,80.38,418.0,52.39,1.0,12.0,219.0,9.95,1.0,0.0,12.0,0.5,27.0,44.44,rohitkumar,bb,2017.0,11.0,40.74074074074074,218.99020000000002,2,41
790,19.0,98.0,13.0,74.7,170.0,50.58,2.0,2.0,86.0,4.52,2.0,0.0,12.0,0.52,22.0,54.54,shrinkant,UP,2017.0,10.0,45.45454545454545,85.986,17,42
772,26.0,202.0,12.0,78.63,365.0,52.32,4.0,9.0,191.0,7.34,1.0,0.0,11.0,0.38,35.0,31.42,monug,UP,2017.0,10.0,28.57142857142857,190.968,4,43
564,22.0,222.0,20.0,81.57,407.0,52.33,3.0,12.0,213.0,9.68,0.0,0.0,9.0,0.4,25.0,36.0,ajaytak,tn,2017.0,9.0,36.0,212.98309999999998,3,44
578,22.0,193.0,17.0,81.06,412.0,44.66,5.0,8.0,184.0,8.36,0.0,0.0,9.0,0.4,33.0,27.27,rahulchau,tn,2017.0,9.0,27.27272727272727,183.99919999999997,6,45
716,17.0,74.0,11.0,79.39,165.0,39.39,1.0,1.0,65.0,3.82,0.0,0.0,9.0,0.52,28.0,32.14,baliyan,mumba,2017.0,9.0,32.142857142857146,64.9935,22,46
289,21.0,48.0,8.0,72.0,75.0,45.33,2.0,0.0,34.0,1.61,5.0,0.0,14.0,0.42,21.0,66.66,vinodkgf,gf,2017.0,9.0,42.857142857142854,33.9975,30,47
508,20.0,177.0,18.0,86.23,327.0,51.07,7.0,7.0,167.0,8.35,1.0,0.0,10.0,0.45,30.0,33.33,nitintom,pune,2017.0,9.0,30.0,166.9989,8,48
161,8.0,9.0,3.0,0.0,0.0,0.0,0.0,0.0,0.0,0.0,0.0,0.0,9.0,1.12,24.0,37.5,joginder,dabang,2017.0,9.0,37.5,0.0,83,49
223,20.0,104.0,14.0,82.53,292.0,32.87,3.0,2.0,96.0,4.8,0.0,0.0,8.0,0.4,37.0,21.62,merajdd,dabang,2017.0,8.0,21.62162162162162,95.98039999999999,14,50
101,19.0,41.0,8.0,74.79,123.0,26.82,0.0,0.0,33.0,1.73,0.0,0.0,8.0,0.42,29.0,27.58,vinodk,bb,2017.0,8.0,27.586206896551722,32.9886,33,51
249,9.0,24.0,7.0,78.37,37.0,45.94,1.0,0.0,17.0,1.88,0.0,0.0,7.0,0.77,20.0,35.0,gurvinder,gf,2017.0,7.0,35.0,16.997799999999998,37,52
532,4.0,8.0,4.0,50.0,2.0,0.0,0.0,0.0,0.0,0.0,1.0,0.0,8.0,1.75,19.0,42.1,depakya,pune,2017.0,7.0,36.84210526315789,0.0,77,53
362,5.0,8.0,6.0,0.0,1.0,100.0,0.0,0.0,1.0,0.2,1.0,1.0,7.0,1.2,12.0,58.33,kuldeepsin,hs,2017.0,6.0,50.0,1.0,61,54
432,5.0,11.0,7.0,57.14,7.0,28.57,0.0,0.0,2.0,0.4,3.0,1.0,9.0,1.2,23.0,39.13,vishaljai,jaipur,2017.0,6.0,26.08695652173913,1.9999,56,55
536,9.0,9.0,2.0,41.66,12.0,33.33,0.0,0.0,4.0,0.44,0.0,0.0,5.0,0.55,23.0,21.73,haditak,pune,2017.0,5.0,21.73913043478261,3.9995999999999996,52,56
241,19.0,97.0,11.0,79.56,230.0,39.56,0.0,0.0,91.0,4.78,1.0,0.0,6.0,0.26,14.0,42.85,abolfazl,gf,2017.0,5.0,35.714285714285715,90.98800000000001,15,57
812,16.0,47.0,12.0,75.9,83.0,49.39,2.0,1.0,41.0,2.56,1.0,0.0,6.0,0.31,16.0,37.5,mohsenm,UP,2017.0,5.0,31.25,40.9937,26,58
396,21.0,105.0,11.0,83.8,247.0,39.67,2.0,3.0,98.0,4.66,2.0,0.0,7.0,0.23,18.0,38.88,nilesh,jaipur,2017.0,5.0,27.77777777777778,97.9849,13,59
778,21.0,170.0,28.0,75.73,305.0,54.09,12.0,5.0,165.0,7.85,1.0,0.0,5.0,0.19,16.0,31.25,rishank,UP,2017.0,4.0,25.0,164.9745,9,60
500,16.0,40.0,8.0,63.88,72.0,45.83,1.0,0.0,33.0,2.06,3.0,0.0,7.0,0.25,23.0,30.43,darshan,pune,2017.0,4.0,17.391304347826086,32.9976,31,61
486,13.0,13.0,5.0,76.0,25.0,40.0,1.0,0.0,10.0,0.76,0.0,0.0,3.0,0.23,9.0,33.33,jaglanpat,patna,2017.0,3.0,33.33333333333333,10.0,43,62
117,8.0,6.0,3.0,66.66,3.0,33.33,0.0,0.0,1.0,0.12,2.0,0.0,5.0,0.37,12.0,41.66,vijaykumar,bb,2017.0,3.0,25.0,0.9998999999999999,63,63
237,19.0,38.0,9.0,78.12,160.0,21.87,0.0,0.0,35.0,1.84,0.0,0.0,3.0,0.15,20.0,15.0,rogitgulia,gf,2017.0,3.0,15.0,34.992000000000004,28,64
12,21.0,192.0,17.0,82.01,367.0,51.77,6.0,9.0,190.0,9.04,0.0,0.0,2.0,0.09,13.0,15.38,maninder,bw,2017.0,2.0,15.384615384615385,189.9959,5,65
746,14.0,2.0,1.0,0.0,0.0,0.0,0.0,0.0,0.0,0.0,0.0,0.0,2.0,0.14,27.0,7.4,chang,mumba,2017.0,2.0,7.4074074074074066,0.0,75,66
263,6.0,16.0,6.0,66.66,45.0,31.11,0.0,0.0,14.0,2.33,0.0,0.0,2.0,0.33,3.0,66.66,moregb,gf,2017.0,2.0,66.66666666666666,13.999500000000001,41,67
384,16.0,87.0,11.0,77.54,187.0,45.45,1.0,4.0,85.0,5.31,0.0,0.0,2.0,0.12,10.0,20.0,deepaknar,jaipur,2017.0,2.0,20.0,84.9915,18,68
590,12.0,38.0,13.0,80.55,108.0,32.4,0.0,1.0,35.0,2.91,1.0,0.0,3.0,0.16,14.0,21.42,shabba,tn,2017.0,2.0,14.285714285714285,34.992,29,69
34,18.0,77.0,15.0,87.65,235.0,31.91,2.0,1.0,75.0,4.16,0.0,0.0,2.0,0.11,13.0,15.38,sukeshh,bw,2017.0,2.0,15.384615384615385,74.9885,20,70
800,18.0,70.0,11.0,73.28,131.0,51.9,2.0,2.0,68.0,3.77,0.0,0.0,2.0,0.11,23.0,8.69,surendersin,UP,2017.0,2.0,8.695652173913043,67.98899999999999,21,71
308,16.0,80.0,16.0,82.55,149.0,52.34,3.0,3.0,78.0,4.87,1.0,0.0,2.0,0.06,10.0,20.0,prashanth,hs,2017.0,1.0,10.0,77.98660000000001,19,72
209,5.0,1.0,1.0,100.0,4.0,0.0,0.0,0.0,0.0,0.0,0.0,0.0,1.0,0.2,3.0,33.33,anilkumardd,dabang,2017.0,1.0,33.33333333333333,0.0,95,73
528,11.0,36.0,7.0,70.88,79.0,44.3,0.0,0.0,35.0,3.18,0.0,0.0,1.0,0.09,7.0,14.28,sriram,pune,2017.0,1.0,14.285714285714285,34.997,27,74
74,5.0,6.0,3.0,56.0,25.0,20.0,0.0,0.0,5.0,1.0,0.0,0.0,1.0,0.2,2.0,50.0,Mayur,bw,2017.0,1.0,50.0,5.0,48,75
87,9.0,10.0,4.0,45.83,24.0,37.5,0.0,0.0,9.0,1.0,0.0,0.0,1.0,0.11,2.0,50.0,pawans,bb,2017.0,1.0,50.0,9.0,44,76
2,22.0,124.0,11.0,77.45,306.0,40.19,2.0,3.0,123.0,5.59,0.0,0.0,1.0,0.04,17.0,5.88,prapanjan,bw,2017.0,1.0,5.88235294117647,122.9814,11,77
20,6.0,18.0,6.0,85.71,56.0,30.35,1.0,0.0,17.0,2.83,0.0,0.0,1.0,0.16,3.0,33.33,rakeshn,bw,2017.0,1.0,33.33333333333333,16.996000000000002,38,78
346,2.0,0.0,0.0,0.0,0.0,0.0,0.0,0.0,0.0,0.0,0.0,0.0,0.0,0.0,1.0,0.0,vikaskale,hs,2017.0,0.0,0.0,0.0,86,79
107,0.0,0.0,0.0,0.0,0.0,0.0,0.0,0.0,0.0,0.0,0.0,0.0,0.0,0.0,0.0,0.0,rajulal,bb,2017.0,0.0,0.0,0.0,91,80
125,0.0,0.0,0.0,0.0,0.0,0.0,0.0,0.0,0.0,0.0,0.0,0.0,0.0,0.0,0.0,0.0,sandeep,bb,2017.0,0.0,0.0,0.0,88,81
149,0.0,0.0,0.0,0.0,0.0,0.0,0.0,0.0,0.0,0.0,0.0,0.0,0.0,0.0,0.0,0.0,sanjaysh,bb,2017.0,0.0,0.0,0.0,84,82
133,4.0,0.0,0.0,0.0,0.0,0.0,0.0,0.0,0.0,0.0,0.0,0.0,0.0,0.0,6.0,0.0,amitsheoran,bb,2017.0,0.0,0.0,0.0,87,83
446,21.0,89.0,9.0,78.77,212.0,41.98,0.0,0.0,89.0,4.23,0.0,0.0,0.0,0.0,12.0,0.0,jangpat,patna,2017.0,0.0,0.0,88.9976,16,84
95,4.0,0.0,0.0,60.0,5.0,0.0,0.0,0.0,0.0,0.0,0.0,0.0,0.0,0.0,0.0,0.0,sumits,bb,2017.0,0.0,0.0,0.0,78,85
706,0.0,0.0,0.0,0.0,0.0,0.0,0.0,0.0,0.0,0.0,0.0,0.0,0.0,0.0,0.0,0.0,athul,mumba,2017.0,0.0,0.0,0.0,74,86
66,0.0,0.0,0.0,0.0,0.0,0.0,0.0,0.0,0.0,0.0,0.0,0.0,0.0,0.0,0.0,0.0,dharmendra,bw,2017.0,0.0,0.0,0.0,72,87
660,0.0,0.0,0.0,0.0,0.0,0.0,0.0,0.0,0.0,0.0,0.0,0.0,0.0,0.0,0.0,0.0,suraj,telugu,2017.0,0.0,0.0,0.0,71,88
28,2.0,2.0,2.0,57.14,7.0,28.57,0.0,0.0,2.0,1.0,0.0,0.0,0.0,0.0,1.0,0.0,ravindrak,bw,2017.0,0.0,0.0,1.9999,55,89
516,21.0,122.0,17.0,75.7,284.0,42.95,2.0,3.0,122.0,5.8,0.0,0.0,0.0,0.0,13.0,0.0,pawankumar,pune,2017.0,0.0,0.0,121.97800000000001,12,90
320,3.0,4.0,2.0,57.14,14.0,28.57,0.0,0.0,4.0,1.33,0.0,0.0,0.0,0.0,0.0,0.0,selvamani,hs,2017.0,0.0,0.0,3.9998,51,91
726,4.0,6.0,4.0,82.6,23.0,26.08,0.0,0.0,6.0,1.5,0.0,0.0,0.0,0.0,2.0,0.0,vinodk,mumba,2017.0,0.0,0.0,5.998399999999999,46,92
712,17.0,29.0,5.0,70.58,68.0,42.64,0.0,0.0,29.0,1.7,0.0,0.0,0.0,0.0,5.0,0.0,dongge,mumba,2017.0,0.0,0.0,28.9952,34,93
173,11.0,51.0,11.0,77.86,122.0,41.8,3.0,1.0,51.0,4.63,0.0,0.0,0.0,0.0,4.0,0.0,chandranranjit,dabang,2017.0,0.0,0.0,50.995999999999995,25,94
330,9.0,58.0,9.0,78.67,136.0,42.64,1.0,0.0,58.0,6.44,0.0,0.0,0.0,0.0,4.0,0.0,vikashk,hs,2017.0,0.0,0.0,57.9904,24,95
436,26.0,369.0,34.0,80.71,586.0,62.96,18.0,19.0,369.0,14.19,0.0,0.0,0.0,0.0,10.0,0.0,pardeepnar,patna,2017.0,0.0,0.0,368.94559999999996,1,96
406,16.0,53.0,6.0,0.0,2.0,100.0,0.0,0.0,2.0,0.12,4.0,3.0,51.0,2.93,89.0,57.3,amitjaipur,jaipur,2016.0,47.0,52.80898876404494,2.0,35,1
694,16.0,52.0,8.0,100.0,1.0,0.0,0.0,0.0,0.0,0.0,7.0,4.0,52.0,2.81,72.0,72.22,fazel,mumba,2016.0,45.0,62.5,0.0,41,2
614,14.0,50.0,8.0,87.5,8.0,37.5,0.0,0.0,3.0,0.21,3.0,4.0,47.0,3.14,87.0,54.02,mohitchi,tn,2016.0,44.0,50.57471264367817,3.0,32,3
626,12.0,68.0,11.0,75.32,77.0,31.16,1.0,0.0,24.0,2.0,1.0,5.0,44.0,3.58,73.0,60.27,manjeetchhil,tn,2016.0,43.0,58.9041095890411,23.9932,16,4
756,16.0,66.0,7.0,89.77,88.0,27.27,0.0,0.0,24.0,1.5,2.0,3.0,42.0,2.5,83.0,50.6,sandeepmumba,mumba,2016.0,40.0,48.19277108433735,23.9976,15,5
199,14.0,37.0,6.0,0.0,0.0,0.0,0.0,0.0,0.0,0.0,2.0,3.0,37.0,2.5,72.0,51.38,ravinderpahal,dabang,2016.0,35.0,48.61111111111111,0.0,45,6
414,12.0,35.0,8.0,0.0,0.0,0.0,0.0,0.0,0.0,0.0,0.0,2.0,35.0,2.91,67.0,52.23,sandeepdhull,jaipur,2016.0,35.0,52.23880597014925,0.0,53,7
492,14.0,37.0,5.0,100.0,3.0,0.0,0.0,0.0,0.0,0.0,4.0,2.0,37.0,2.35,73.0,50.68,surjeetpune,pune,2016.0,33.0,45.20547945205479,0.0,52,8
163,16.0,38.0,6.0,100.0,6.0,66.66,0.0,0.0,4.0,0.25,2.0,0.0,34.0,2.0,69.0,49.27,joginder,dabang,2016.0,32.0,46.3768115942029,3.9995999999999996,30,9
295,14.0,41.0,9.0,100.0,28.0,7.14,0.0,0.0,2.0,0.14,8.0,4.0,39.0,2.21,63.0,61.9,dharmarajc,hs,2016.0,31.0,49.2063492063492,1.9991999999999999,36,10
187,14.0,31.0,6.0,0.0,1.0,0.0,0.0,0.0,0.0,0.0,3.0,2.0,31.0,2.0,66.0,46.96,vishalmane,dabang,2016.0,28.0,42.42424242424242,0.0,44,11
638,16.0,33.0,4.0,100.0,9.0,55.55,0.0,0.0,5.0,0.31,1.0,0.0,28.0,1.68,62.0,45.16,ransingh,tn,2016.0,27.0,43.54838709677419,4.9995,29,12
50,14.0,26.0,4.0,0.0,0.0,0.0,0.0,0.0,0.0,0.0,2.0,0.0,26.0,1.71,62.0,41.93,jeevak,bw,2016.0,24.0,38.70967741935484,0.0,42,13
548,12.0,25.0,5.0,100.0,13.0,0.0,0.0,0.0,0.0,0.0,2.0,1.0,25.0,1.91,58.0,43.1,grishmaru,pune,2016.0,23.0,39.6551724137931,0.0,40,14
141,14.0,37.0,7.0,81.25,48.0,29.16,0.0,0.0,14.0,1.0,6.0,1.0,23.0,1.21,44.0,52.27,ashishkumar,bb,2016.0,17.0,38.63636363636363,13.9968,20,15
668,14.0,15.0,3.0,100.0,2.0,0.0,0.0,0.0,0.0,0.0,1.0,0.0,15.0,1.0,40.0,37.5,carun,telugu,2016.0,14.0,35.0,0.0,51,16
225,14.0,75.0,11.0,85.39,178.0,35.39,4.0,0.0,63.0,4.5,3.0,0.0,12.0,0.64,30.0,40.0,merajdd,dabang,2016.0,9.0,30.0,62.9942,6,17
478,7.0,13.0,5.0,0.0,1.0,100.0,0.0,0.0,1.0,0.14,3.0,1.0,12.0,1.28,21.0,57.14,oshtorakpat,patna,2016.0,9.0,42.857142857142854,1.0,39,18
560,11.0,6.0,2.0,0.0,0.0,0.0,0.0,0.0,0.0,0.0,0.0,0.0,6.0,0.54,16.0,37.5,sagerpune,pune,2016.0,6.0,37.5,0.0,50,19
592,12.0,35.0,10.0,90.0,100.0,24.0,1.0,0.0,24.0,2.0,5.0,1.0,11.0,0.5,19.0,57.89,shabba,tn,2016.0,6.0,31.57894736842105,24.0,14,20
79,14.0,100.0,11.0,77.77,234.0,39.74,3.0,1.0,93.0,6.64,1.0,0.0,7.0,0.42,16.0,43.75,rohitkumar,bb,2016.0,6.0,37.5,92.9916,4,21
682,2.0,7.0,5.0,100.0,1.0,100.0,0.0,0.0,1.0,0.5,0.0,0.0,6.0,3.0,15.0,40.0,bharad,telugu,2016.0,6.0,40.0,1.0,37,22
448,11.0,65.0,13.0,76.66,120.0,50.83,2.0,2.0,61.0,5.54,0.0,0.0,4.0,0.36,17.0,23.52,jangpat,patna,2016.0,4.0,23.52941176470588,60.995999999999995,8,23
372,16.0,130.0,17.0,85.92,277.0,45.48,2.0,2.0,126.0,7.87,0.0,0.0,4.0,0.25,28.0,14.28,deepakhooda,jaipur,2016.0,4.0,14.285714285714285,125.97959999999999,3,24
580,16.0,150.0,18.0,86.15,325.0,44.92,6.0,7.0,146.0,9.12,1.0,0.0,4.0,0.18,11.0,36.36,rahulchau,tn,2016.0,3.0,27.27272727272727,145.99,1,25
273,7.0,3.0,2.0,0.0,0.0,0.0,0.0,0.0,0.0,0.0,0.0,0.0,3.0,0.42,17.0,17.64,parvesh,gf,2016.0,3.0,17.647058823529413,0.0,58,26
774,13.0,63.0,11.0,75.59,168.0,35.11,0.0,0.0,59.0,4.53,1.0,0.0,4.0,0.23,13.0,30.76,monug,UP,2016.0,3.0,23.076923076923077,58.98479999999999,10,27
472,6.0,2.0,1.0,0.0,2.0,0.0,0.0,0.0,0.0,0.0,0.0,0.0,2.0,0.33,12.0,16.66,jawaharpat,patna,2016.0,2.0,16.666666666666664,0.0,49,28
211,4.0,2.0,2.0,100.0,2.0,0.0,0.0,0.0,0.0,0.0,0.0,0.0,2.0,0.5,7.0,28.57,anilkumardd,dabang,2016.0,2.0,28.57142857142857,0.0,46,29
802,11.0,11.0,3.0,58.13,43.0,20.93,0.0,0.0,9.0,0.81,0.0,0.0,2.0,0.18,8.0,25.0,surendersin,UP,2016.0,2.0,25.0,8.9999,23,30
103,9.0,20.0,5.0,77.04,61.0,31.14,0.0,0.0,19.0,2.11,0.0,0.0,1.0,0.11,6.0,16.66,vinodk,bb,2016.0,1.0,16.666666666666664,18.9954,19,31
538,1.0,1.0,1.0,0.0,0.0,0.0,0.0,0.0,0.0,0.0,0.0,0.0,1.0,1.0,1.0,100.0,haditak,pune,2016.0,1.0,100.0,0.0,54,32
566,16.0,64.0,12.0,78.06,155.0,40.64,5.0,1.0,63.0,3.93,0.0,0.0,1.0,0.06,8.0,12.5,ajaytak,tn,2016.0,1.0,12.5,62.992,7,33
398,15.0,62.0,10.0,75.53,139.0,43.88,1.0,1.0,61.0,4.06,0.0,0.0,1.0,0.06,10.0,10.0,nilesh,jaipur,2016.0,1.0,10.0,60.99320000000001,9,34
510,12.0,34.0,7.0,74.1,112.0,29.46,1.0,0.0,33.0,2.75,0.0,0.0,1.0,0.08,8.0,12.5,nitintom,pune,2016.0,1.0,12.5,32.9952,12,35
518,9.0,21.0,6.0,75.75,66.0,30.3,0.0,0.0,20.0,2.22,0.0,0.0,1.0,0.11,7.0,14.28,pawankumar,pune,2016.0,1.0,14.285714285714285,19.998,17,36
97,5.0,9.0,4.0,70.0,20.0,35.0,0.0,0.0,7.0,1.4,1.0,0.0,2.0,0.2,5.0,40.0,sumits,bb,2016.0,1.0,20.0,7.0,26,37
30,2.0,3.0,2.0,62.5,8.0,25.0,0.0,0.0,2.0,1.0,0.0,0.0,1.0,0.5,1.0,100.0,ravindrak,bw,2016.0,1.0,100.0,2.0,34,38
438,16.0,133.0,18.0,76.04,263.0,49.8,3.0,5.0,131.0,8.18,1.0,0.0,2.0,0.06,6.0,33.33,pardeepnar,patna,2016.0,1.0,16.666666666666664,130.974,2,39
281,1.0,1.0,1.0,100.0,2.0,50.0,0.0,0.0,1.0,1.0,0.0,0.0,0.0,0.0,4.0,0.0,sunilkumargf,gf,2016.0,0.0,0.0,1.0,38,40
708,4.0,8.0,7.0,57.14,14.0,57.14,0.0,0.0,8.0,2.0,0.0,0.0,0.0,0.0,1.0,0.0,athul,mumba,2016.0,0.0,0.0,7.9996,24,41
366,1.0,0.0,0.0,0.0,0.0,0.0,0.0,0.0,0.0,0.0,0.0,0.0,0.0,0.0,0.0,0.0,tinphon,hs,2016.0,0.0,0.0,0.0,57,42
348,0.0,0.0,0.0,0.0,0.0,0.0,0.0,0.0,0.0,0.0,0.0,0.0,0.0,0.0,0.0,0.0,vikaskale,hs,2016.0,0.0,0.0,0.0,56,43
338,5.0,0.0,0.0,100.0,5.0,0.0,0.0,0.0,0.0,0.0,0.0,0.0,0.0,0.0,9.0,0.0,ravihas,hs,2016.0,0.0,0.0,0.0,55,44
36,9.0,7.0,3.0,78.94,38.0,18.42,0.0,0.0,7.0,0.77,0.0,0.0,0.0,0.0,7.0,0.0,sukeshh,bw,2016.0,0.0,0.0,6.9996,28,45
780,14.0,70.0,11.0,70.21,141.0,49.64,2.0,2.0,70.0,5.0,0.0,0.0,0.0,0.0,17.0,0.0,rishank,UP,2016.0,0.0,0.0,69.9924,5,46
728,3.0,8.0,4.0,58.33,24.0,33.33,0.0,0.0,8.0,2.66,0.0,0.0,0.0,0.0,1.0,0.0,vinodk,mumba,2016.0,0.0,0.0,7.999199999999999,25,47
251,6.0,4.0,1.0,76.47,17.0,23.52,0.0,0.0,4.0,0.66,0.0,0.0,0.0,0.0,5.0,0.0,gurvinder,gf,2016.0,0.0,0.0,3.9983999999999997,31,48
219,2.0,0.0,0.0,0.0,0.0,0.0,0.0,0.0,0.0,0.0,0.0,0.0,0.0,0.0,1.0,0.0,sombirdd,dabang,2016.0,0.0,0.0,0.0,48,49
386,6.0,13.0,5.0,68.51,54.0,24.07,1.0,0.0,13.0,2.16,0.0,0.0,0.0,0.0,1.0,0.0,deepaknar,jaipur,2016.0,0.0,0.0,12.9978,21,50
718,0.0,0.0,0.0,0.0,0.0,0.0,0.0,0.0,0.0,0.0,0.0,0.0,0.0,0.0,0.0,0.0,baliyan,mumba,2016.0,0.0,0.0,0.0,47,51
332,4.0,3.0,3.0,70.58,17.0,17.64,0.0,0.0,3.0,0.75,0.0,0.0,0.0,0.0,2.0,0.0,vikashk,hs,2016.0,0.0,0.0,2.9988,33,52
322,13.0,45.0,7.0,82.07,106.0,42.45,1.0,0.0,45.0,3.46,0.0,0.0,0.0,0.0,8.0,0.0,selvamani,hs,2016.0,0.0,0.0,44.99700000000001,11,53
151,0.0,0.0,0.0,0.0,0.0,0.0,0.0,0.0,0.0,0.0,0.0,0.0,0.0,0.0,0.0,0.0,sanjaysh,bb,2016.0,0.0,0.0,0.0,43,54
792,5.0,7.0,5.0,68.75,16.0,43.75,0.0,0.0,7.0,1.4,0.0,0.0,0.0,0.0,3.0,0.0,shrinkant,UP,2016.0,0.0,0.0,7.0,27,55
89,10.0,11.0,4.0,48.48,33.0,33.33,0.0,0.0,11.0,1.1,0.0,0.0,0.0,0.0,1.0,0.0,pawans,bb,2016.0,0.0,0.0,10.998899999999999,22,56
310,9.0,19.0,10.0,76.92,39.0,48.71,2.0,1.0,19.0,2.11,0.0,0.0,0.0,0.0,0.0,0.0,prashanth,hs,2016.0,0.0,0.0,18.9969,18,57
243,9.0,25.0,9.0,62.16,37.0,67.56,2.0,0.0,25.0,2.77,0.0,0.0,0.0,0.0,1.0,0.0,abolfazl,gf,2016.0,0.0,0.0,24.997200000000003,13,58
628,15.0,106.0,13.0,91.81,171.0,26.31,2.0,0.0,45.0,3.0,5.0,5.0,61.0,3.73,99.0,61.61,manjeetchhil,tn,2015.0,56.0,56.56565656565656,44.990100000000005,11,1
758,14.0,64.0,11.0,98.18,55.0,16.36,0.0,0.0,9.0,0.64,2.0,6.0,55.0,3.78,95.0,57.89,sandeepmumba,mumba,2015.0,53.0,55.78947368421052,8.998,24,2
494,12.0,49.0,9.0,100.0,6.0,16.66,0.0,0.0,1.0,0.08,1.0,5.0,48.0,3.91,75.0,64.0,surjeetpune,pune,2015.0,47.0,62.66666666666667,0.9996,34,3
616,13.0,46.0,6.0,100.0,3.0,0.0,0.0,0.0,0.0,0.0,2.0,6.0,46.0,3.38,74.0,62.16,mohitchi,tn,2015.0,44.0,59.45945945945946,0.0,43,4
550,11.0,34.0,5.0,94.11,17.0,5.88,0.0,0.0,1.0,0.09,0.0,3.0,33.0,3.0,65.0,50.76,grishmaru,pune,2015.0,33.0,50.76923076923077,0.9995999999999999,35,5
696,11.0,33.0,6.0,50.0,2.0,50.0,0.0,0.0,1.0,0.09,0.0,2.0,32.0,2.9,46.0,69.56,fazel,mumba,2015.0,32.0,69.56521739130434,1.0,32,6
52,16.0,31.0,4.0,0.0,0.0,0.0,0.0,0.0,0.0,0.0,1.0,0.0,31.0,1.87,62.0,50.0,jeevak,bw,2015.0,30.0,48.38709677419355,0.0,36,7
297,14.0,37.0,8.0,80.0,20.0,30.0,0.0,0.0,6.0,0.42,3.0,2.0,31.0,2.0,58.0,53.44,dharmarajc,hs,2015.0,28.0,48.275862068965516,6.0,29,8
416,10.0,32.0,6.0,0.0,1.0,0.0,0.0,0.0,0.0,0.0,6.0,2.0,32.0,2.6,61.0,52.45,sandeepdhull,jaipur,2015.0,26.0,42.62295081967213,0.0,53,9
143,13.0,32.0,7.0,84.21,19.0,36.84,0.0,0.0,7.0,0.53,0.0,1.0,25.0,1.92,61.0,40.98,ashishkumar,bb,2015.0,25.0,40.98360655737705,6.9996,27,10
201,11.0,34.0,9.0,88.23,34.0,23.52,0.0,0.0,8.0,0.72,4.0,2.0,26.0,2.0,58.0,44.82,ravinderpahal,dabang,2015.0,22.0,37.93103448275862,7.9967999999999995,26,11
640,14.0,41.0,5.0,75.43,57.0,35.08,2.0,0.0,20.0,1.42,0.0,0.0,21.0,1.5,52.0,40.38,ransingh,tn,2015.0,21.0,40.38461538461539,19.9956,17,12
213,11.0,21.0,4.0,80.0,15.0,13.33,0.0,0.0,2.0,0.18,0.0,0.0,19.0,1.72,51.0,37.25,anilkumardd,dabang,2015.0,19.0,37.254901960784316,1.9994999999999998,31,13
227,14.0,48.0,11.0,71.42,70.0,38.57,0.0,0.0,27.0,1.92,3.0,0.0,21.0,1.28,38.0,55.26,merajdd,dabang,2015.0,18.0,47.368421052631575,26.999000000000002,16,14
480,10.0,18.0,4.0,0.0,1.0,0.0,0.0,0.0,0.0,0.0,1.0,0.0,18.0,1.7,40.0,45.0,oshtorakpat,patna,2015.0,17.0,42.5,0.0,49,15
189,13.0,16.0,3.0,0.0,0.0,0.0,0.0,0.0,0.0,0.0,0.0,0.0,16.0,1.23,35.0,45.71,vishalmane,dabang,2015.0,16.0,45.714285714285715,0.0,45,16
670,11.0,18.0,7.0,77.77,9.0,11.11,0.0,0.0,1.0,0.09,5.0,1.0,17.0,1.09,35.0,48.57,carun,telugu,2015.0,12.0,34.285714285714285,0.9998999999999999,33,17
350,9.0,12.0,3.0,0.0,0.0,0.0,0.0,0.0,0.0,0.0,0.0,0.0,12.0,1.33,34.0,35.29,vikaskale,hs,2015.0,12.0,35.294117647058826,0.0,46,18
408,4.0,11.0,3.0,100.0,4.0,0.0,0.0,0.0,0.0,0.0,0.0,0.0,11.0,2.75,27.0,40.74,amitjaipur,jaipur,2015.0,11.0,40.74074074074074,0.0,52,19
582,13.0,99.0,17.0,79.8,208.0,41.82,1.0,4.0,87.0,6.69,2.0,0.0,12.0,0.76,29.0,41.37,rahulchau,tn,2015.0,10.0,34.48275862068966,86.98559999999999,4,20
450,15.0,90.0,13.0,83.15,184.0,42.93,2.0,2.0,79.0,5.26,2.0,0.0,11.0,0.6,20.0,55.0,jangpat,patna,2015.0,9.0,45.0,78.99119999999999,5,21
782,16.0,115.0,14.0,74.45,184.0,57.6,4.0,2.0,106.0,6.62,1.0,0.0,9.0,0.5,22.0,40.9,rishank,UP,2015.0,8.0,36.36363636363637,105.984,2,22
340,12.0,9.0,2.0,0.0,1.0,0.0,0.0,0.0,0.0,0.0,1.0,0.0,9.0,0.66,24.0,37.5,ravihas,hs,2015.0,8.0,33.33333333333333,0.0,42,23
374,12.0,76.0,13.0,82.16,157.0,43.94,0.0,1.0,69.0,5.75,0.0,0.0,7.0,0.58,21.0,33.33,deepakhooda,jaipur,2015.0,7.0,33.33333333333333,68.9858,7,24
81,12.0,109.0,16.0,84.26,178.0,57.3,4.0,5.0,102.0,8.5,0.0,0.0,7.0,0.58,14.0,50.0,rohitkumar,bb,2015.0,7.0,50.0,101.994,3,25
91,13.0,53.0,7.0,64.54,110.0,40.9,1.0,0.0,45.0,3.46,2.0,0.0,8.0,0.46,17.0,47.05,pawans,bb,2015.0,6.0,35.294117647058826,44.99,12,26
738,7.0,6.0,2.0,100.0,3.0,0.0,0.0,0.0,0.0,0.0,0.0,0.0,6.0,0.85,22.0,27.27,rajaguru,mumba,2015.0,6.0,27.27272727272727,0.0,37,27
440,16.0,121.0,24.0,75.93,187.0,62.03,10.0,5.0,116.0,7.25,0.0,0.0,5.0,0.31,13.0,38.46,pardeepnar,patna,2015.0,5.0,38.46153846153847,115.99610000000001,1,28
568,14.0,56.0,11.0,77.02,148.0,35.13,2.0,1.0,52.0,3.71,0.0,0.0,4.0,0.28,9.0,44.44,ajaytak,tn,2015.0,4.0,44.44444444444444,51.9924,10,29
512,10.0,81.0,13.0,84.37,160.0,48.12,1.0,2.0,77.0,7.7,1.0,0.0,4.0,0.3,11.0,36.36,nitintom,pune,2015.0,3.0,27.27272727272727,76.992,6,30
127,3.0,3.0,3.0,0.0,0.0,0.0,0.0,0.0,0.0,0.0,0.0,0.0,3.0,1.0,10.0,30.0,sandeep,bb,2015.0,3.0,30.0,0.0,40,31
502,2.0,2.0,2.0,0.0,1.0,0.0,0.0,0.0,0.0,0.0,0.0,0.0,2.0,1.0,8.0,25.0,darshan,pune,2015.0,2.0,25.0,0.0,48,32
253,5.0,6.0,4.0,83.33,12.0,33.33,0.0,0.0,4.0,0.8,0.0,0.0,2.0,0.4,5.0,40.0,gurvinder,gf,2015.0,2.0,40.0,3.9995999999999996,30,33
38,13.0,64.0,9.0,80.13,146.0,41.78,0.0,0.0,61.0,4.69,1.0,0.0,3.0,0.15,16.0,18.75,sukeshh,bw,2015.0,2.0,12.5,60.9988,8,34
720,11.0,56.0,11.0,81.3,107.0,50.46,2.0,2.0,54.0,4.9,0.0,0.0,2.0,0.18,17.0,11.76,baliyan,mumba,2015.0,2.0,11.76470588235294,53.992200000000004,9,35
388,9.0,33.0,15.0,82.75,58.0,53.44,0.0,1.0,31.0,3.44,1.0,0.0,2.0,0.11,5.0,40.0,deepaknar,jaipur,2015.0,1.0,20.0,30.9952,15,36
804,12.0,45.0,9.0,74.52,106.0,41.5,2.0,0.0,44.0,3.66,0.0,0.0,1.0,0.08,11.0,9.09,surendersin,UP,2015.0,1.0,9.090909090909092,43.99,13,37
109,1.0,1.0,1.0,0.0,0.0,0.0,0.0,0.0,0.0,0.0,0.0,0.0,1.0,1.0,3.0,33.33,rajulal,bb,2015.0,1.0,33.33333333333333,0.0,39,38
604,4.0,9.0,6.0,78.37,37.0,21.62,0.0,0.0,8.0,2.0,0.0,0.0,1.0,0.25,4.0,25.0,vineetsh,tn,2015.0,1.0,25.0,7.9994000000000005,25,39
324,8.0,39.0,10.0,83.69,92.0,41.3,1.0,1.0,38.0,4.75,0.0,0.0,1.0,0.12,6.0,16.66,selvamani,hs,2015.0,1.0,16.666666666666664,37.996,14,40
794,5.0,10.0,7.0,57.14,35.0,28.57,0.0,0.0,10.0,2.0,0.0,0.0,0.0,0.0,1.0,0.0,shrinkant,UP,2015.0,0.0,0.0,9.999500000000001,23,41
22,1.0,0.0,0.0,75.0,4.0,0.0,0.0,0.0,0.0,0.0,0.0,0.0,0.0,0.0,1.0,0.0,rakeshn,bw,2015.0,0.0,0.0,0.0,51,42
245,3.0,0.0,0.0,50.0,2.0,0.0,0.0,0.0,0.0,0.0,0.0,0.0,0.0,0.0,0.0,0.0,abolfazl,gf,2015.0,0.0,0.0,0.0,50,43
520,5.0,6.0,3.0,80.0,25.0,24.0,0.0,0.0,6.0,1.2,0.0,0.0,0.0,0.0,2.0,0.0,pawankumar,pune,2015.0,0.0,0.0,6.0,28,44
540,1.0,0.0,0.0,0.0,0.0,0.0,0.0,0.0,0.0,0.0,0.0,0.0,0.0,0.0,1.0,0.0,haditak,pune,2015.0,0.0,0.0,0.0,47,45
165,0.0,0.0,0.0,0.0,0.0,0.0,0.0,0.0,0.0,0.0,0.0,0.0,0.0,0.0,0.0,0.0,joginder,dabang,2015.0,0.0,0.0,0.0,44,46
730,7.0,16.0,5.0,62.5,40.0,40.0,0.0,0.0,16.0,2.28,0.0,0.0,0.0,0.0,2.0,0.0,vinodk,mumba,2015.0,0.0,0.0,16.0,18,47
400,7.0,10.0,5.0,75.0,20.0,50.0,1.0,0.0,10.0,1.42,0.0,0.0,0.0,0.0,3.0,0.0,nilesh,jaipur,2015.0,0.0,0.0,10.0,22,48
594,10.0,13.0,4.0,71.64,67.0,19.4,0.0,0.0,13.0,1.3,0.0,0.0,0.0,0.0,4.0,0.0,shabba,tn,2015.0,0.0,0.0,12.998,19,49
4,11.0,12.0,3.0,69.04,42.0,28.57,0.0,0.0,12.0,1.09,0.0,0.0,0.0,0.0,1.0,0.0,prapanjan,bw,2015.0,0.0,0.0,11.999400000000001,20,50
153,0.0,0.0,0.0,0.0,0.0,0.0,0.0,0.0,0.0,0.0,0.0,0.0,0.0,0.0,0.0,0.0,sanjaysh,bb,2015.0,0.0,0.0,0.0,38,51
312,13.0,12.0,3.0,68.57,35.0,34.28,0.0,0.0,12.0,0.92,0.0,0.0,0.0,0.0,4.0,0.0,prashanth,hs,2015.0,0.0,0.0,11.998,21,52
676,1.0,0.0,0.0,0.0,2.0,0.0,0.0,0.0,0.0,0.0,0.0,0.0,0.0,0.0,0.0,0.0,krush,telugu,2015.0,0.0,0.0,0.0,41,53
203,14.0,64.0,9.0,82.35,17.0,23.52,0.0,0.0,4.0,0.28,7.0,5.0,60.0,3.78,96.0,62.5,ravinderpahal,dabang,2014.0,53.0,55.208333333333336,3.9983999999999997,24,1
299,15.0,61.0,9.0,95.23,42.0,45.23,0.0,0.0,19.0,1.26,1.0,2.0,42.0,2.73,68.0,61.76,dharmarajc,hs,2014.0,41.0,60.29411764705882,18.996599999999997,15,2
630,16.0,107.0,11.0,85.25,217.0,30.87,0.0,0.0,67.0,4.18,1.0,3.0,40.0,2.43,78.0,51.28,manjeetchhil,tn,2014.0,39.0,50.0,66.9879,3,3
618,14.0,42.0,5.0,100.0,5.0,0.0,0.0,0.0,0.0,0.0,3.0,3.0,42.0,2.78,72.0,58.33,mohitchi,tn,2014.0,39.0,54.166666666666664,0.0,37,4
760,16.0,83.0,11.0,81.5,146.0,31.5,1.0,0.0,46.0,2.87,3.0,2.0,37.0,2.12,71.0,52.11,sandeepmumba,mumba,2014.0,34.0,47.88732394366197,45.99,10,5
342,13.0,37.0,8.0,86.36,22.0,0.0,0.0,0.0,0.0,0.0,4.0,3.0,37.0,2.53,61.0,60.65,ravihas,hs,2014.0,33.0,54.09836065573771,0.0,40,6
376,15.0,96.0,14.0,82.35,153.0,39.21,1.0,1.0,60.0,4.0,4.0,3.0,36.0,2.13,61.0,59.01,deepakhooda,jaipur,2014.0,32.0,52.459016393442624,59.9913,5,7
54,13.0,39.0,9.0,100.0,1.0,100.0,0.0,0.0,1.0,0.07,7.0,3.0,38.0,2.38,58.0,65.51,jeevak,bw,2014.0,31.0,53.44827586206896,1.0,27,8
167,14.0,30.0,4.0,0.0,0.0,0.0,0.0,0.0,0.0,0.0,0.0,0.0,30.0,2.14,58.0,51.72,joginder,dabang,2014.0,30.0,51.724137931034484,0.0,36,9
642,14.0,44.0,9.0,85.71,35.0,37.14,0.0,0.0,13.0,0.92,4.0,1.0,31.0,1.92,53.0,58.49,ransingh,tn,2014.0,27.0,50.943396226415096,12.999,18,10
191,14.0,26.0,5.0,0.0,0.0,0.0,0.0,0.0,0.0,0.0,0.0,1.0,26.0,1.85,53.0,49.05,vishalmane,dabang,2014.0,26.0,49.056603773584904,0.0,39,11
552,13.0,27.0,5.0,100.0,5.0,0.0,0.0,0.0,0.0,0.0,1.0,1.0,27.0,2.0,66.0,40.9,grishmaru,pune,2014.0,26.0,39.39393939393939,0.0,41,12
410,12.0,26.0,5.0,85.71,35.0,14.28,0.0,0.0,5.0,0.41,1.0,0.0,21.0,1.66,41.0,51.21,amitjaipur,jaipur,2014.0,20.0,48.78048780487805,4.997999999999999,23,13
740,12.0,18.0,3.0,50.0,2.0,50.0,0.0,0.0,1.0,0.08,2.0,0.0,17.0,1.25,42.0,40.47,rajaguru,mumba,2014.0,15.0,35.714285714285715,1.0,28,14
784,13.0,58.0,8.0,67.5,120.0,36.66,0.0,0.0,44.0,3.38,0.0,0.0,14.0,1.07,26.0,53.84,rishank,UP,2014.0,14.0,53.84615384615385,43.992,12,15
672,8.0,11.0,3.0,0.0,0.0,0.0,0.0,0.0,0.0,0.0,1.0,0.0,11.0,1.25,23.0,47.82,carun,telugu,2014.0,10.0,43.47826086956522,0.0,34,16
698,5.0,12.0,7.0,75.0,4.0,25.0,0.0,0.0,1.0,0.2,2.0,1.0,11.0,1.8,13.0,84.61,fazel,mumba,2014.0,9.0,69.23076923076923,1.0,29,17
584,14.0,107.0,14.0,83.06,183.0,53.55,6.0,5.0,98.0,7.0,0.0,0.0,9.0,0.64,34.0,26.47,rahulchau,tn,2014.0,9.0,26.47058823529412,97.9965,1,18
229,15.0,38.0,11.0,62.79,43.0,67.44,3.0,1.0,29.0,1.93,0.0,0.0,9.0,0.6,23.0,39.13,merajdd,dabang,2014.0,9.0,39.130434782608695,28.999200000000002,13,19
482,4.0,7.0,5.0,0.0,1.0,0.0,0.0,0.0,0.0,0.0,1.0,1.0,7.0,1.5,13.0,53.84,oshtorakpat,patna,2014.0,6.0,46.15384615384615,0.0,43,20
352,8.0,9.0,5.0,100.0,4.0,0.0,0.0,0.0,0.0,0.0,3.0,1.0,9.0,0.75,24.0,37.5,vikaskale,hs,2014.0,6.0,25.0,0.0,42,21
255,16.0,49.0,11.0,76.11,134.0,32.83,1.0,1.0,44.0,2.75,0.0,0.0,5.0,0.31,22.0,22.72,gurvinder,gf,2014.0,5.0,22.727272727272727,43.9922,11,22
390,16.0,61.0,10.0,70.74,147.0,38.77,1.0,0.0,57.0,3.56,0.0,0.0,4.0,0.25,14.0,28.57,deepaknar,jaipur,2014.0,4.0,28.57142857142857,56.99190000000001,6,23
806,2.0,8.0,6.0,62.5,16.0,31.25,0.0,0.0,5.0,2.5,0.0,0.0,3.0,1.5,6.0,50.0,surendersin,UP,2014.0,3.0,50.0,5.0,22,24
314,15.0,58.0,10.0,82.07,106.0,50.94,1.0,1.0,54.0,3.6,1.0,0.0,4.0,0.2,10.0,40.0,prashanth,hs,2014.0,3.0,30.0,53.996399999999994,7,25
606,8.0,10.0,4.0,71.42,56.0,14.28,0.0,0.0,8.0,1.0,0.0,0.0,2.0,0.25,12.0,16.66,vineetsh,tn,2014.0,2.0,16.666666666666664,7.9967999999999995,21,26
145,5.0,5.0,4.0,90.0,10.0,20.0,0.0,0.0,2.0,0.4,1.0,0.0,3.0,0.4,10.0,30.0,ashishkumar,bb,2014.0,2.0,20.0,2.0,25,27
40,13.0,64.0,9.0,83.45,133.0,46.61,5.0,0.0,62.0,4.76,0.0,0.0,2.0,0.15,13.0,15.38,sukeshh,bw,2014.0,2.0,15.384615384615385,61.9913,4,28
452,14.0,50.0,12.0,72.85,140.0,34.28,3.0,1.0,48.0,3.42,0.0,0.0,2.0,0.14,15.0,13.33,jangpat,patna,2014.0,2.0,13.333333333333334,47.992,8,29
570,13.0,80.0,12.0,71.05,190.0,41.57,6.0,2.0,79.0,6.07,0.0,0.0,1.0,0.07,6.0,16.66,ajaytak,tn,2014.0,1.0,16.666666666666664,78.983,2,30
175,1.0,1.0,1.0,62.5,8.0,0.0,0.0,0.0,0.0,0.0,0.0,0.0,1.0,1.0,2.0,50.0,chandranranjit,dabang,2014.0,1.0,50.0,0.0,38,31
596,10.0,47.0,10.0,79.83,124.0,37.09,2.0,1.0,46.0,4.6,0.0,0.0,1.0,0.1,6.0,16.66,shabba,tn,2014.0,1.0,16.666666666666664,45.991600000000005,9,32
722,5.0,12.0,7.0,76.0,25.0,48.0,0.0,0.0,12.0,2.4,0.0,0.0,0.0,0.0,4.0,0.0,baliyan,mumba,2014.0,0.0,0.0,12.0,19,33
14,0.0,0.0,0.0,0.0,0.0,0.0,0.0,0.0,0.0,0.0,0.0,0.0,0.0,0.0,0.0,0.0,maninder,bw,2014.0,0.0,0.0,0.0,35,34
111,0.0,0.0,0.0,0.0,0.0,0.0,0.0,0.0,0.0,0.0,0.0,0.0,0.0,0.0,0.0,0.0,rajulal,bb,2014.0,0.0,0.0,0.0,32,35
732,2.0,0.0,0.0,33.33,3.0,0.0,0.0,0.0,0.0,0.0,0.0,0.0,0.0,0.0,0.0,0.0,vinodk,mumba,2014.0,0.0,0.0,0.0,33,36
442,6.0,9.0,4.0,68.42,38.0,23.68,1.0,0.0,9.0,1.5,0.0,0.0,0.0,0.0,2.0,0.0,pardeepnar,patna,2014.0,0.0,0.0,8.9984,20,37
796,0.0,0.0,0.0,0.0,0.0,0.0,0.0,0.0,0.0,0.0,0.0,0.0,0.0,0.0,0.0,0.0,shrinkant,UP,2014.0,0.0,0.0,0.0,31,38
662,0.0,0.0,0.0,0.0,0.0,0.0,0.0,0.0,0.0,0.0,0.0,0.0,0.0,0.0,0.0,0.0,suraj,telugu,2014.0,0.0,0.0,0.0,30,39
24,11.0,21.0,5.0,77.08,48.0,43.75,2.0,0.0,21.0,1.9,0.0,0.0,0.0,0.0,6.0,0.0,rakeshn,bw,2014.0,0.0,0.0,21.0,14,40
522,10.0,16.0,7.0,61.9,42.0,38.09,1.0,0.0,16.0,1.6,0.0,0.0,0.0,0.0,1.0,0.0,pawankumar,pune,2014.0,0.0,0.0,15.997800000000002,16,41
6,4.0,2.0,1.0,16.66,6.0,33.33,0.0,0.0,2.0,0.5,0.0,0.0,0.0,0.0,2.0,0.0,prapanjan,bw,2014.0,0.0,0.0,1.9997999999999998,26,42
326,10.0,14.0,5.0,79.16,24.0,58.33,1.0,0.0,14.0,1.4,0.0,0.0,0.0,0.0,2.0,0.0,selvamani,hs,2014.0,0.0,0.0,13.9992,17,43
155,0.0,0.0,0.0,0.0,0.0,0.0,0.0,0.0,0.0,0.0,0.0,0.0,0.0,0.0,0.0,0.0,sanjaysh,bb,2014.0,0.0,0.0,0.0,44,44
632,16.0,122.0,14.0,71.75,177.0,40.11,2.0,2.0,71.0,4.43,0.0,3.0,51.0,3.18,84.0,60.71,manjeetchhil,tn,2013.0,51.0,60.71428571428571,70.99470000000001,7,1
301,16.0,52.0,7.0,93.54,31.0,41.93,0.0,0.0,13.0,0.81,5.0,2.0,39.0,2.12,69.0,56.52,dharmarajc,hs,2013.0,34.0,49.275362318840585,12.998299999999999,12,2
620,16.0,36.0,8.0,100.0,1.0,100.0,0.0,0.0,1.0,0.06,5.0,2.0,35.0,1.87,89.0,39.32,mohitchi,tn,2013.0,30.0,33.70786516853933,1.0,19,3
205,9.0,29.0,7.0,0.0,0.0,0.0,0.0,0.0,0.0,0.0,0.0,3.0,29.0,3.22,64.0,45.31,ravinderpahal,dabang,2013.0,29.0,45.3125,0.0,20,4
644,10.0,36.0,8.0,68.75,16.0,68.75,1.0,0.0,11.0,1.1,2.0,1.0,25.0,2.3,41.0,60.97,ransingh,tn,2013.0,23.0,56.09756097560976,11.0,13,5
554,12.0,25.0,6.0,83.33,6.0,33.33,0.0,0.0,2.0,0.16,1.0,1.0,23.0,1.83,70.0,32.85,grishmaru,pune,2013.0,22.0,31.428571428571427,1.9997999999999998,18,6
762,16.0,119.0,14.0,80.45,174.0,52.87,8.0,1.0,92.0,5.75,6.0,2.0,27.0,1.31,41.0,65.85,sandeepmumba,mumba,2013.0,21.0,51.21951219512195,91.9938,4,7
193,16.0,20.0,5.0,0.0,0.0,0.0,0.0,0.0,0.0,0.0,1.0,1.0,20.0,1.18,65.0,30.76,vishalmane,dabang,2013.0,19.0,29.230769230769234,0.0,21,8
742,14.0,19.0,4.0,0.0,0.0,0.0,0.0,0.0,0.0,0.0,1.0,0.0,19.0,1.28,55.0,34.54,rajaguru,mumba,2013.0,18.0,32.72727272727273,0.0,25,9
56,9.0,16.0,4.0,0.0,0.0,0.0,0.0,0.0,0.0,0.0,0.0,0.0,16.0,1.77,31.0,51.61,jeevak,bw,2013.0,16.0,51.61290322580645,0.0,26,10
786,16.0,77.0,9.0,65.57,122.0,52.45,2.0,0.0,64.0,4.0,0.0,0.0,13.0,0.81,34.0,38.23,rishank,UP,2013.0,13.0,38.23529411764706,63.989000000000004,9,11
586,14.0,161.0,23.0,82.15,241.0,62.65,2.0,8.0,151.0,10.78,1.0,0.0,10.0,0.64,31.0,32.25,rahulchau,tn,2013.0,9.0,29.03225806451613,150.9865,1,12
16,16.0,137.0,13.0,76.0,175.0,74.28,3.0,5.0,130.0,8.12,1.0,0.0,7.0,0.37,19.0,36.84,maninder,bw,2013.0,6.0,31.57894736842105,129.99,2,13
572,15.0,127.0,16.0,74.56,228.0,53.5,2.0,5.0,122.0,8.13,0.0,0.0,5.0,0.33,18.0,27.77,ajaytak,tn,2013.0,5.0,27.77777777777778,121.98,3,14
42,14.0,83.0,9.0,81.53,130.0,60.76,3.0,0.0,79.0,5.64,0.0,0.0,4.0,0.28,21.0,19.04,sukeshh,bw,2013.0,4.0,19.047619047619047,78.988,6,15
257,7.0,13.0,5.0,61.11,18.0,50.0,0.0,0.0,9.0,1.28,1.0,0.0,4.0,0.42,13.0,30.76,gurvinder,gf,2013.0,3.0,23.076923076923077,9.0,14,16
8,4.0,7.0,3.0,71.42,14.0,35.71,0.0,0.0,5.0,1.25,0.0,0.0,2.0,0.5,5.0,40.0,prapanjan,bw,2013.0,2.0,40.0,4.9994,17,17
454,11.0,57.0,15.0,71.08,83.0,66.26,5.0,2.0,55.0,5.0,0.0,0.0,2.0,0.18,14.0,14.28,jangpat,patna,2013.0,2.0,14.285714285714285,54.99580000000001,10,18
378,14.0,89.0,18.0,78.37,148.0,58.78,3.0,3.0,87.0,6.21,0.0,0.0,2.0,0.14,22.0,9.09,deepakhooda,jaipur,2013.0,2.0,9.090909090909092,86.9944,5,19
113,5.0,2.0,2.0,0.0,0.0,0.0,0.0,0.0,0.0,0.0,0.0,0.0,2.0,0.4,12.0,16.66,rajulal,bb,2013.0,2.0,16.666666666666664,0.0,23,20
524,10.0,44.0,14.0,72.41,87.0,49.42,0.0,1.0,43.0,4.3,0.0,0.0,1.0,0.1,7.0,14.28,pawankumar,pune,2013.0,1.0,14.285714285714285,42.9954,11,21
598,10.0,67.0,15.0,89.91,119.0,55.46,2.0,3.0,66.0,6.6,0.0,0.0,1.0,0.1,13.0,7.69,shabba,tn,2013.0,1.0,7.6923076923076925,65.9974,8,22
177,6.0,6.0,4.0,60.0,20.0,30.0,0.0,0.0,6.0,1.0,0.0,0.0,0.0,0.0,6.0,0.0,chandranranjit,dabang,2013.0,0.0,0.0,6.0,15,23
316,7.0,5.0,2.0,76.92,13.0,38.46,0.0,0.0,5.0,0.71,0.0,0.0,0.0,0.0,8.0,0.0,prashanth,hs,2013.0,0.0,0.0,4.9998000000000005,16,24
157,2.0,0.0,0.0,0.0,0.0,0.0,0.0,0.0,0.0,0.0,0.0,0.0,0.0,0.0,0.0,0.0,sanjaysh,bb,2013.0,0.0,0.0,0.0,22,25
734,0.0,0.0,0.0,0.0,0.0,0.0,0.0,0.0,0.0,0.0,0.0,0.0,0.0,0.0,0.0,0.0,vinodk,mumba,2013.0,0.0,0.0,0.0,24,26
